Report Refresh Date,User Principal Name,Display Name,Is Deleted,Deleted Date,Has Exchange License,Has OneDrive License,Has SharePoint License,Has Skype For Business License,Has Yammer License,Has Teams License,Exchange Last Activity Date,OneDrive Last Activity Date,SharePoint Last Activity Date,Skype For Business Last Activity Date,Yammer Last Activity Date,Teams Last Activity Date,Exchange License Assign Date,OneDrive License Assign Date,SharePoint License Assign Date,Skype For Business License Assign Date,Yammer License Assign Date,Teams License Assign Date,Assigned Products
2022-06-13,65810C1D477CC90E0A4BFBE6EF9681E7,AD4EF34F331635AEB9B17755A4859F0C,False,,True,True,True,True,True,True,2022-06-13,2022-05-31,2022-06-01,,,2022-06-13,2022-03-27,2022-03-27,2022-03-27,2022-03-27,2022-03-27,2022-03-27,POWER BI (FREE)+MICROSOFT 365 BUSINESS BASIC
2022-06-13,60878349810314DDD2611EC7A1335D9A,0CC697573F61BA78B0920F974386A359,False,,True,True,True,True,True,True,2022-06-13,2022-06-09,2022-06-13,,,2022-06-13,2022-04-01,2022-04-01,2022-04-01,2022-03-27,2022-04-01,2022-04-01,POWER BI (FREE)+MICROSOFT 365 BUSINESS BASIC+MICROSOFT POWER AUTOMATE FREE
2022-06-13,008BE3B4AE0E6D4592A891C086500343,FD29265509A40BF5212746B458D9D21D,False,,True,True,True,True,True,True,2022-06-13,,,,,2022-05-28,2022-03-27,2022-03-27,2022-03-27,2022-03-27,2022-03-27,2022-03-27,POWER BI (FREE)+MICROSOFT 365 BUSINESS BASIC
2022-06-13,8233D46FD74BC025D2D3725E4741F67B,7B7BC2512EE1FEDCD76BDC68926D4F7B,False,,False,True,True,False,True,True,,,2022-06-07,,,2022-04-01,,2022-04-01,2022-04-01,,2022-04-01,2022-04-01,MICROSOFT POWER AUTOMATE FREE+MICROSOFT TEAMS EXPLORATORY
2022-06-13,1D12937E68C787D9D3A49CD8B131CB04,AD0234829205B9033196BA818F7A872B,False,,True,True,True,True,True,True,2022-06-01,2022-04-09,2022-06-08,,,2022-06-02,2022-03-27,2022-03-27,2022-03-27,2022-03-27,2022-03-27,2022-03-27,POWER BI (FREE)+MICROSOFT POWER AUTOMATE FREE+MICROSOFT 365 BUSINESS BASIC
2022-06-13,2CC4569E0DFBB0A38B73EB657DC55A19,7A7E7AD51A02C0FA093BD5FE0C3E550E,False,,True,True,True,True,True,True,,,2022-05-06,,,2022-06-03,2022-03-27,2022-03-27,2022-03-27,2022-03-27,2022-03-27,2022-03-27,POWER BI (FREE)+MICROSOFT 365 BUSINESS BASIC
2022-06-13,3017F401543F43C676B1DB8DD5881607,74C96549656FA608C00B3D9E984861FF,False,,True,True,True,True,True,True,2022-06-13,2022-05-31,2022-06-13,,,2022-06-13,2022-04-06,2022-04-06,2022-04-06,2022-04-06,2022-04-06,2022-04-06,MICROSOFT POWER AUTOMATE FREE+MICROSOFT 365 BUSINESS BASIC+POWER BI (FREE)
2022-06-13,4846B07802F0399DB33E61D002E7E7A4,B7F0295568F63F0965F12ECAEAE3CCDA,False,,True,True,True,True,True,True,2022-06-13,2022-06-09,2022-06-13,,,2022-06-13,2022-03-27,2022-03-27,2022-03-27,2022-03-27,2022-03-27,2022-03-27,POWER BI (FREE)+MICROSOFT POWER AUTOMATE FREE+MICROSOFT 365 BUSINESS BASIC
2022-06-13,7678FB2EFC7E61A5DA8A90D8DED97D6C,DEEEBC0668AA4A6B36F129218BD1565E,False,,True,True,True,True,True,True,2022-06-13,2022-06-13,2022-06-10,,,2022-06-13,2022-03-27,2022-03-27,2022-03-27,2022-03-27,2022-03-27,2022-03-27,POWER BI (FREE)+MICROSOFT 365 BUSINESS BASIC+MICROSOFT POWER AUTOMATE FREE
2022-06-13,A00E7B9EEBD7ABE056B8D3D798A3C816,42CE0724BAF9766709CE49C005C12239,False,,True,True,True,True,True,True,2022-06-10,,,,,2022-06-09,2022-03-27,2022-03-27,2022-03-27,2022-03-27,2022-03-27,2022-03-27,POWER BI (FREE)+MICROSOFT 365 BUSINESS BASIC
2022-06-13,D83C09EA02CC5F4AFBFCC50EE8CD4A3A,A574E78AF00107CB7F997E8EA1362608,False,,True,True,True,True,True,True,2022-06-10,2022-05-09,2022-06-10,,,2022-05-18,2022-03-27,2022-03-27,2022-03-27,2022-03-27,2022-03-27,2022-03-27,POWER BI (FREE)+MICROSOFT 365 BUSINESS BASIC
2022-06-13,AC0DD62B2126E7A36095CB4A1B431489,6C4D9CD5946F01821F44707944FC06AE,False,,True,True,True,True,True,True,,,,,,,2022-03-27,2022-03-27,2022-03-27,2022-03-27,2022-03-27,2022-03-27,POWER BI (FREE)+MICROSOFT 365 BUSINESS BASIC
2022-06-13,8B536BB146302D2275DB32ACE90EA61D,11EF39217865E162DCE1FBDA9BE9C921,False,,True,True,True,True,True,True,2022-06-12,2022-06-13,2022-06-13,,,2022-06-13,2022-03-27,2022-03-27,2022-03-27,2022-03-27,2022-03-27,2022-03-27,POWER BI (FREE)+MICROSOFT 365 BUSINESS BASIC+MICROSOFT POWER AUTOMATE FREE
2022-06-13,C2264F9B231551A49E62EC07D2C2D0FB,A3599153685507B94C8CB96C3D8BC7D7,False,,True,True,True,True,True,True,2022-06-13,2022-06-11,2022-06-13,,,2022-06-13,2022-03-27,2022-03-27,2022-03-27,2022-03-27,2022-03-27,2022-03-27,POWER BI (FREE)+MICROSOFT 365 BUSINESS BASIC+MICROSOFT POWER AUTOMATE FREE
2022-06-13,6C4DD3B7D865C739732DA51A58F9B0F2,2A3DC5EA449E75401B2CBAA386064426,False,,True,True,True,True,True,True,,,,,,,2022-03-27,2022-03-27,2022-03-27,2022-03-27,2022-03-27,2022-03-27,POWER BI (FREE)+MICROSOFT 365 BUSINESS BASIC
2022-06-13,08670EF48043E082A6408EA4D49803F0,8362DF13FF165952E09B427E023CB336,False,,True,True,True,True,True,True,,,,,,,2022-03-27,2022-03-27,2022-03-27,2022-03-27,2022-03-27,2022-03-27,POWER BI (FREE)+MICROSOFT 365 BUSINESS BASIC
2022-06-13,1BF762F6BA74FE2ACC7B8B66DC89A9D2,ECE5A35BE5AC694BDC4138F84ABA984E,False,,True,True,True,True,True,True,2022-06-13,,,,,,2022-03-27,2022-03-27,2022-03-27,2022-03-27,2022-03-27,2022-03-27,POWER BI (FREE)+MICROSOFT 365 BUSINESS BASIC
2022-06-13,65F8C84A48ACD54F5E0678C2031539F3,77320714222849F127D7EF771F48E32F,False,,True,True,True,True,True,True,2022-06-13,2022-06-10,2022-06-13,,,2022-06-13,2022-03-27,2022-03-27,2022-03-27,2022-03-27,2022-03-27,2022-03-27,POWER BI (FREE)+MICROSOFT 365 BUSINESS BASIC+MICROSOFT POWER AUTOMATE FREE
2022-06-13,F3AC522741A2D12A113BBA0207E220C5,E69B5613C6EAF2BA7945CA105D41EC81,False,,True,True,True,True,True,True,2022-06-10,,2022-05-27,,,,2022-03-27,2022-03-27,2022-03-27,2022-03-27,2022-03-27,2022-03-27,POWER BI (FREE)+MICROSOFT 365 BUSINESS BASIC
2022-06-13,A53C4BA353D69D12AFFABCD21BEC5040,0C6EE64055DB6CBF14FE7CDB94280AC0,False,,True,True,True,True,True,True,2022-06-13,2022-04-27,2022-05-24,,,2022-06-11,2022-03-29,2022-03-29,2022-03-29,2022-03-29,2022-03-29,2022-03-29,MICROSOFT 365 BUSINESS BASIC+MICROSOFT POWER AUTOMATE FREE+POWER BI (FREE)
2022-06-13,19862780D41479CBF084EE44C80CE5A4,63DFAF4F11ED30F35E84762B4B94E28D,False,,True,True,True,True,True,True,2022-06-11,2022-06-09,2022-06-13,,,2022-06-13,2022-03-27,2022-03-27,2022-03-27,2022-03-27,2022-03-27,2022-03-27,POWER BI (FREE)+MICROSOFT 365 BUSINESS BASIC
2022-06-13,D1E69D28BF2C5BAAC705A230DA1AE34D,5645929D7699057EF63F3665526218DA,False,,True,True,True,True,True,True,2022-06-13,2022-04-19,2022-06-09,,,2022-06-09,2022-03-27,2022-03-27,2022-03-27,2022-03-27,2022-03-27,2022-03-27,POWER BI (FREE)+MICROSOFT 365 BUSINESS BASIC
2022-06-13,FD70F953F8F60D9BBF8907F35AAC86A2,6D67706A757792BE5375706730F0BAF2,False,,True,True,True,True,True,True,2022-04-29,2022-06-04,2022-04-29,,,2022-06-10,2022-03-27,2022-03-27,2022-03-27,2022-03-27,2022-03-27,2022-03-27,POWER BI (FREE)+MICROSOFT 365 BUSINESS BASIC+MICROSOFT POWER AUTOMATE FREE
2022-06-13,3400E56938E07F4113128D2E9883C23A,A71458FEFD1599C29BDF57369C13930C,False,,True,True,True,True,True,True,2022-06-13,2022-06-01,2022-06-10,,,2022-06-13,2022-03-27,2022-03-27,2022-03-27,2022-03-27,2022-03-27,2022-03-27,POWER BI (FREE)+MICROSOFT 365 BUSINESS BASIC
2022-06-13,A82A96399EB93FADE57B6844CA9B2483,750974677409B5CEC4EF03A0A2E05AB1,False,,True,True,True,True,True,True,2022-06-13,,2022-05-05,,,2022-06-13,2022-03-27,2022-03-27,2022-03-27,2022-03-27,2022-03-27,2022-03-27,POWER BI (FREE)+MICROSOFT 365 BUSINESS BASIC
2022-06-13,BACF8257C764280619ADA4BA3CAE9E86,A869350AC3E000D8A063DB9969CB2E2F,False,,True,True,True,True,True,True,2022-06-13,2022-06-04,2022-06-13,,,2022-06-13,2022-03-27,2022-03-27,2022-03-27,2022-03-27,2022-03-27,2022-03-27,POWER BI (FREE)+MICROSOFT 365 BUSINESS BASIC+MICROSOFT POWER AUTOMATE FREE
2022-06-13,359DAF1485D006476FF47C22744CA17D,85924F191186DFB4B43C85E036C8FCB9,False,,True,True,True,True,True,True,2022-06-12,2022-04-15,,,,,2022-04-15,2022-04-15,2022-04-15,2022-03-27,2022-04-15,2022-04-15,POWER BI (FREE)+MICROSOFT 365 BUSINESS BASIC+MICROSOFT POWER AUTOMATE FREE+MICROSOFT TEAMS EXPLORATORY
2022-06-13,877C12045CB5AB5EF2312E1F2B59A73C,237D7270BCE150E6A46C0AED17EA5C73,False,,True,True,True,True,True,True,2022-06-13,2022-06-08,2022-06-13,,,2022-06-13,2022-03-27,2022-03-27,2022-03-27,2022-03-27,2022-03-27,2022-03-27,POWER BI (FREE)+MICROSOFT 365 BUSINESS BASIC+MICROSOFT POWER AUTOMATE FREE
2022-06-13,41DE1A6824B70096E1974963FB01214C,24928466AD025A59359D41FFF0ED5E5B,False,,True,True,True,True,True,True,2022-04-29,,2022-04-29,,,2022-05-06,2022-04-28,2022-04-28,2022-04-28,2022-04-28,2022-04-28,2022-04-28,POWER BI (FREE)+MICROSOFT 365 BUSINESS BASIC+MICROSOFT POWER AUTOMATE FREE+MICROSOFT TEAMS EXPLORATORY
2022-06-13,5F887A67D947DB9B579D623693318275,3B39F65D85673670408B2EF28DF5E2CA,False,,True,True,True,True,True,True,,,2022-04-02,,,,2022-04-02,2022-04-02,2022-04-02,2022-04-02,2022-04-02,2022-04-02,MICROSOFT POWER AUTOMATE FREE+MICROSOFT TEAMS EXPLORATORY+POWER BI (FREE)+MICROSOFT 365 BUSINESS BASIC
2022-06-13,7812FD152A4C83B098A4B413057D2C35,97499A672041A450C669546CAE9D3592,False,,True,True,True,True,True,True,2022-06-13,2022-06-13,2022-06-13,,,2022-06-13,2022-03-27,2022-03-27,2022-03-27,2022-03-27,2022-03-27,2022-03-27,POWER BI (FREE)+MICROSOFT 365 BUSINESS BASIC+MICROSOFT POWER AUTOMATE FREE
2022-06-13,409454FE57548E3969259AB7C7A5F3E9,6F367183F4C8F35B9135B367ECA16F4A,False,,True,True,True,True,True,True,2022-06-09,2022-06-11,2022-06-13,,,2022-06-13,2022-03-27,2022-03-27,2022-03-27,2022-03-27,2022-03-27,2022-03-27,POWER BI (FREE)+MICROSOFT 365 BUSINESS BASIC+MICROSOFT POWER AUTOMATE FREE
2022-06-13,11681F35E13242F4D50C515F630B68B4,FD29265509A40BF5212746B458D9D21D,False,,True,True,True,True,True,True,2022-06-13,2022-04-12,,,,,2022-03-27,2022-03-27,2022-03-27,2022-03-27,2022-03-27,2022-03-27,POWER BI (FREE)+MICROSOFT 365 BUSINESS BASIC
2022-06-13,9E0D6E7C3832E795CB3CC629C86E22BC,04067618C81AD2578EFB12320BF6F9C3,False,,True,True,True,True,True,True,2022-05-16,,2022-05-16,,,,2022-05-16,2022-05-16,2022-05-16,2022-05-16,2022-05-16,2022-05-16,MICROSOFT 365 BUSINESS BASIC+MICROSOFT POWER AUTOMATE FREE+MICROSOFT TEAMS EXPLORATORY+POWER BI (FREE)
2022-06-13,AE76B9006F87902ABB330C63AD71A3BB,AFD10E0EC166333B155F7D0BD1CB1657,False,,True,True,True,True,True,True,2022-06-13,2022-06-06,2022-06-13,,,2022-06-13,2022-03-27,2022-03-27,2022-03-27,2022-03-27,2022-03-27,2022-03-27,POWER BI (FREE)+MICROSOFT 365 BUSINESS BASIC+MICROSOFT POWER AUTOMATE FREE
2022-06-13,0CB38398EB881E9720E7E5800625BBE9,853875EB6790AEE119EA93E1C73C7422,False,,True,True,True,True,True,True,2022-06-11,2022-05-07,2022-05-18,,,2022-06-13,2022-03-27,2022-03-27,2022-03-27,2022-03-27,2022-03-27,2022-03-27,POWER BI (FREE)+MICROSOFT 365 BUSINESS BASIC+MICROSOFT POWER AUTOMATE FREE
2022-06-13,19856AA7DE6F2ECDB1A721B2EEF42F30,583BC47BCCCC2F0159CB357CD7C15719,False,,True,True,True,True,True,True,2022-06-13,2022-06-11,2022-06-13,,,2022-06-13,2022-03-27,2022-03-27,2022-03-27,2022-03-27,2022-03-27,2022-03-27,POWER BI (FREE)+MICROSOFT 365 BUSINESS BASIC
2022-06-13,717643524FF82BA7EF0CEBF34A6D949A,9D6AF8DC4974086378C2405C9C0663DC,False,,True,True,True,True,True,True,,,,,,,2022-03-27,2022-03-27,2022-03-27,2022-03-27,2022-03-27,2022-03-27,POWER BI (FREE)+MICROSOFT 365 BUSINESS BASIC
2022-06-13,EAE659D0BEFB5B65DCBB71E91EEC0FB9,908412D7ABE8F1232E97FECC4EFC73F1,False,,True,True,True,True,True,True,2022-06-13,2022-06-08,2022-04-03,,,2022-04-03,2022-03-27,2022-03-27,2022-03-27,2022-03-27,2022-03-27,2022-03-27,POWER BI (FREE)+MICROSOFT 365 BUSINESS BASIC+MICROSOFT POWER AUTOMATE FREE
2022-06-13,4B6E800913C95D8A25400A2928CB1B2C,AB83683CC4E653268FFA0DBBBD316445,False,,True,True,True,True,True,True,2022-06-09,2022-06-13,2022-06-13,,,2022-06-13,2022-04-04,2022-04-04,2022-04-04,2022-04-04,2022-04-04,2022-04-04,MICROSOFT POWER AUTOMATE FREE+MICROSOFT 365 BUSINESS BASIC
2022-06-13,23BE6B0EEE20F420BE3E709B583EF02D,66AA5D81AE5CFF7830E22E4CE0B097FD,False,,True,True,True,True,True,True,2022-04-14,,,,,,2022-03-27,2022-03-27,2022-03-27,2022-03-27,2022-03-27,2022-03-27,POWER BI (FREE)+MICROSOFT 365 BUSINESS BASIC
2022-06-13,D47BE4FF37C24EBCB0FA6C21F076AF1F,DEF321BC3BCD71D947D1F2C3D872922B,False,,True,True,True,True,True,True,2022-06-13,2022-06-10,2022-06-13,,,2022-06-13,2022-03-27,2022-03-27,2022-03-27,2022-03-27,2022-03-27,2022-03-27,POWER BI (FREE)+MICROSOFT 365 BUSINESS BASIC+MICROSOFT POWER AUTOMATE FREE
2022-06-13,90325DA4DBE5C95C998A90E5A8F51DB2,80102CDF723F1EEA8F3DFEAEBB5E5BFC,False,,True,True,True,True,True,True,2022-06-13,,2022-06-10,,,2022-06-11,2022-03-27,2022-03-27,2022-03-27,2022-03-27,2022-03-27,2022-03-27,POWER BI (FREE)+MICROSOFT 365 BUSINESS BASIC
2022-06-13,2805732FDF78B972D4CC10B82D5F1012,B7E497FBB53E3809298F124C3B11D0A7,False,,True,True,True,True,True,True,,,,,,,2022-03-27,2022-03-27,2022-03-27,2022-03-27,2022-03-27,2022-03-27,POWER BI (FREE)+MICROSOFT 365 BUSINESS BASIC
2022-06-13,DD7FFA8203A3A2A169E7B7F03DEE3F31,A17132461A4BD7998AE3793E42CB9C93,False,,True,True,True,True,True,True,2022-06-09,2022-06-02,2022-05-28,,,,2022-05-25,2022-05-25,2022-05-25,2022-05-25,2022-05-25,2022-05-25,MICROSOFT TEAMS EXPLORATORY+MICROSOFT POWER AUTOMATE FREE+MICROSOFT 365 BUSINESS BASIC+POWER BI (FREE)
2022-06-13,9E3F31C27891ADC1AD4FE25B27C851C7,2F926F11008EC415A25EECA611B2626D,False,,True,True,True,True,True,True,2022-05-28,2022-05-03,,,,2022-06-10,2022-05-03,2022-05-03,2022-05-03,2022-05-03,2022-05-03,2022-05-03,MICROSOFT 365 BUSINESS BASIC+POWER BI (FREE)+MICROSOFT TEAMS EXPLORATORY+MICROSOFT POWER AUTOMATE FREE
2022-06-13,1EDC6D8D1825C8B8F7558EAF33F478EA,B9ED91D027FD8DCCF6D56A575A1B261B,False,,True,True,True,True,True,True,2022-06-13,2022-06-13,2022-06-13,,,2022-06-13,2022-03-27,2022-03-27,2022-03-27,2022-03-27,2022-03-27,2022-03-27,POWER BI (FREE)+MICROSOFT 365 BUSINESS BASIC+MICROSOFT POWER AUTOMATE FREE
2022-06-13,0B8190D6850365D356BA1415A485DCAC,E9AF58FC6966F1711D3D360DF4517F77,False,,True,True,True,True,True,True,2022-06-13,,2022-04-13,,,,2022-04-06,2022-04-06,2022-04-06,2022-04-06,2022-04-06,2022-04-06,MICROSOFT TEAMS EXPLORATORY+POWER BI (FREE)+MICROSOFT 365 BUSINESS BASIC+MICROSOFT POWER AUTOMATE FREE
2022-06-13,7FF4A057439EB4B576D46E355EF7BF85,E4CBD603E0BE8D7D87478807647D537B,False,,True,True,True,True,True,True,2022-06-12,,2022-06-12,,,,2022-03-27,2022-03-27,2022-03-27,2022-03-27,2022-03-27,2022-03-27,POWER BI (FREE)+MICROSOFT 365 BUSINESS BASIC
2022-06-13,34166E1A31A3BAE953AAD4F1D32F7D4E,D686D1E13B7035B942F9EF3819819284,False,,True,True,True,True,True,True,2022-06-13,2022-06-13,2022-06-11,,,2022-06-13,2022-03-27,2022-03-27,2022-03-27,2022-03-27,2022-03-27,2022-03-27,POWER BI (FREE)+MICROSOFT 365 BUSINESS BASIC
2022-06-13,1710046155C3F72491204ADD0D67CD6B,669C4477B407CD3486258611D3994CAD,False,,True,True,True,True,True,True,2022-06-13,2022-06-07,2022-06-13,,,2022-06-13,2022-03-27,2022-03-27,2022-03-27,2022-03-27,2022-03-27,2022-03-27,POWER BI (FREE)+MICROSOFT 365 BUSINESS BASIC+MICROSOFT POWER AUTOMATE FREE
2022-06-13,72542FDBA15A138AA992AFE1257DA74F,24B3AE1FDF6E09FFA4B01EDC078A95C8,False,,True,True,True,True,True,True,2022-06-13,,2022-04-08,,,2022-05-12,2022-03-27,2022-03-27,2022-03-27,2022-03-27,2022-03-27,2022-03-27,POWER BI (FREE)+MICROSOFT 365 BUSINESS BASIC+MICROSOFT POWER AUTOMATE FREE
2022-06-13,2AB702AC466E8AD7708C2D1DE66D1088,1C749317617F0D8ACA70D2128C5FA943,False,,True,True,True,True,True,True,2022-06-13,2022-06-07,2022-06-13,,,2022-06-13,2022-03-27,2022-03-27,2022-03-27,2022-03-27,2022-03-27,2022-03-27,POWER BI (FREE)+MICROSOFT 365 BUSINESS BASIC+MICROSOFT POWER AUTOMATE FREE
2022-06-13,59326939F42AB36CC623E537ADB49316,D1EEA603377FAB2F587C10A23CB247B0,False,,True,True,True,True,True,True,2022-06-04,2022-05-18,2022-05-27,,,2022-06-13,2022-03-27,2022-03-27,2022-03-27,2022-03-27,2022-03-27,2022-03-27,POWER BI (FREE)+MICROSOFT 365 BUSINESS BASIC+MICROSOFT POWER AUTOMATE FREE
2022-06-13,132C2B12673929E3D0507D193D16BA60,BED78F225ECF86DE9DAE3EE2F744B583,False,,True,True,True,True,True,True,,,2022-06-10,,,2022-06-13,2022-06-08,2022-06-08,2022-06-08,2022-06-08,2022-06-08,2022-06-08,POWER BI (FREE)+MICROSOFT TEAMS EXPLORATORY+MICROSOFT 365 BUSINESS BASIC+MICROSOFT POWER AUTOMATE FREE
2022-06-13,4DF480170135BC8385C80BBD40F444EB,CD32106BCB6DE321930CF34574EA388C,False,,False,False,False,False,False,False,2022-03-31,,,,,,,,,,,,POWER BI (FREE)
2022-06-13,54BBF160A671EE12F956AE174A971C55,98D7B9BBDC96C58360D6BD199BE84C24,False,,True,True,True,True,True,True,2022-06-13,2022-06-13,2022-06-13,,,2022-06-13,2022-03-27,2022-03-27,2022-03-27,2022-03-27,2022-03-27,2022-03-27,POWER BI (FREE)+MICROSOFT 365 BUSINESS BASIC+MICROSOFT POWER AUTOMATE FREE
2022-06-13,9BBD93988D1D47F5D4B8E858B21C81F1,2F18ABD9B566E11485FAA30A2D47E019,False,,True,True,True,True,True,True,2022-06-13,2022-06-08,2022-06-13,,,2022-06-13,2022-04-27,2022-04-27,2022-04-27,2022-04-27,2022-04-27,2022-04-27,MICROSOFT POWER AUTOMATE FREE+POWER BI (FREE)+MICROSOFT 365 BUSINESS BASIC
2022-06-13,1211043794820B4D4025B6D4F50464C7,32F8727C654618179F852781FDF2780E,False,,True,True,True,True,True,True,,,2022-04-02,,,,2022-04-02,2022-04-02,2022-04-02,2022-04-02,2022-04-02,2022-04-02,MICROSOFT POWER AUTOMATE FREE+MICROSOFT 365 BUSINESS BASIC+POWER BI (FREE)+MICROSOFT TEAMS EXPLORATORY
2022-06-13,0EDCD4722118316FB632E7373E97E237,8C5C819D74192E461A7CE070645EA713,False,,True,True,True,True,True,True,2022-06-09,,,,,2022-05-27,2022-03-27,2022-03-27,2022-03-27,2022-03-27,2022-03-27,2022-03-27,POWER BI (FREE)+MICROSOFT 365 BUSINESS BASIC
2022-06-13,0A98A7374B5671DF30FC447FF949FFFC,7D66C8E01839539F46C72F07D35F866B,False,,True,True,True,True,True,True,2022-06-13,2022-06-12,2022-06-12,,,2022-06-13,2022-03-27,2022-03-27,2022-03-27,2022-03-27,2022-03-27,2022-03-27,POWER BI (FREE)+MICROSOFT 365 BUSINESS BASIC+MICROSOFT POWER AUTOMATE FREE
2022-06-13,2364A482E1AA2C2C96EE016C12E6D620,A852A17919D79208D0365EC516559ABD,False,,True,True,True,True,True,True,2022-06-11,2022-06-11,2022-06-13,,,2022-06-13,2022-03-27,2022-03-27,2022-03-27,2022-03-27,2022-03-27,2022-03-27,POWER BI (FREE)+MICROSOFT 365 BUSINESS BASIC+MICROSOFT POWER AUTOMATE FREE
2022-06-13,25D2533FD6A5A84A5BC439135F8905D3,DC0A4BFC5EAD12CCC1640B63D666CBDC,False,,True,True,True,True,True,True,2022-06-13,2022-06-13,2022-06-13,,,2022-06-13,2022-03-27,2022-03-27,2022-03-27,2022-03-27,2022-03-27,2022-03-27,POWER BI (FREE)+MICROSOFT 365 BUSINESS BASIC+MICROSOFT POWER AUTOMATE FREE
2022-06-13,CA9F790AF77A433CD44A9F9629A56684,75367AD3E21DFB71023F1289C23D58B3,False,,True,True,True,True,True,True,2022-06-13,2022-06-08,2022-06-13,,,2022-06-13,2022-03-27,2022-03-27,2022-03-27,2022-03-27,2022-03-27,2022-03-27,POWER BI (FREE)+MICROSOFT 365 BUSINESS BASIC+MICROSOFT POWER AUTOMATE FREE
2022-06-13,2AC92AD044A0CB6F1567A8232A53DB44,DD9DA2E27AC3982C1E056EE4722BA015,False,,True,True,True,True,True,True,2022-06-13,2022-06-13,2022-06-13,,,2022-06-13,2022-04-15,2022-04-15,2022-04-15,2022-03-27,2022-04-15,2022-04-15,POWER BI (FREE)+MICROSOFT 365 BUSINESS BASIC+MICROSOFT POWER AUTOMATE FREE+MICROSOFT TEAMS EXPLORATORY
2022-06-13,ECE464A6C4041EA00F73970DDECBEE02,C445DFC95B09C0772EF2870A87C0387B,False,,True,True,True,True,True,True,2022-06-10,,,,,,2022-03-27,2022-03-27,2022-03-27,2022-03-27,2022-03-27,2022-03-27,POWER BI (FREE)+MICROSOFT 365 BUSINESS BASIC
2022-06-13,8433FE7AA90AD580C401A5618A95F285,BC6F4E20C3D0302C4BB21413D881B93E,False,,True,True,True,True,True,True,2022-06-13,2022-06-13,2022-06-13,,,2022-06-13,2022-05-13,2022-05-13,2022-05-13,2022-05-13,2022-05-13,2022-05-13,MICROSOFT 365 BUSINESS BASIC+POWER BI (FREE)+MICROSOFT POWER AUTOMATE FREE+MICROSOFT TEAMS EXPLORATORY
2022-06-13,BFE2E02AB7AA80CA3BE2911DE49AA06A,D1D3ED4214E7C8865A99B76E87C24B10,False,,True,True,True,True,True,True,2022-06-13,2022-06-10,2022-06-13,,,2022-06-13,2022-03-27,2022-03-27,2022-03-27,2022-03-27,2022-03-27,2022-03-27,POWER BI (FREE)+MICROSOFT 365 BUSINESS BASIC+MICROSOFT POWER AUTOMATE FREE
2022-06-13,1357DDC643623D63008D57049290984C,4596D08D289658F85CA22867444A297F,False,,True,True,True,True,True,True,2022-06-13,2022-06-12,2022-06-11,,,2022-06-01,2022-05-09,2022-05-09,2022-05-09,2022-05-09,2022-05-09,2022-05-09,MICROSOFT 365 BUSINESS BASIC+MICROSOFT POWER AUTOMATE FREE+MICROSOFT TEAMS EXPLORATORY+POWER BI (FREE)
2022-06-13,B6A23BA46F9F6FD49E9935AE78C05AB7,A8FBC4A9B29C7DB554CD5F23F1898B67,False,,True,True,True,True,True,True,2022-06-10,2022-06-13,2022-06-13,,,2022-06-13,2022-03-27,2022-03-27,2022-03-27,2022-03-27,2022-03-27,2022-03-27,POWER BI (FREE)+MICROSOFT 365 BUSINESS BASIC+MICROSOFT POWER AUTOMATE FREE
2022-06-13,AF19020F2F4E485E1DF9A391B86EC9F2,14A462C12675AD4FDC0BDFC9D14B7DCD,False,,True,True,True,True,True,True,,,,,,,2022-03-27,2022-03-27,2022-03-27,2022-03-27,2022-03-27,2022-03-27,POWER BI (FREE)+MICROSOFT 365 BUSINESS BASIC
2022-06-13,54D65216AD385A07E3008022ADE7D13D,AAEBAAAF1C5D70C7829BAD656BA6E3EB,False,,True,True,True,True,True,True,2022-06-10,2022-05-17,2022-05-13,,,2022-05-17,2022-04-05,2022-04-05,2022-04-05,2022-04-05,2022-04-05,2022-04-05,POWER BI (FREE)+MICROSOFT 365 BUSINESS BASIC+MICROSOFT TEAMS EXPLORATORY+MICROSOFT POWER AUTOMATE FREE
2022-06-13,559C838206746590C94B6CFD3ADD3DED,E14AB76CDF136C2C20CAB379923FD064,False,,True,True,True,True,True,True,2022-06-13,2022-06-13,2022-06-11,,,2022-06-13,2022-03-27,2022-03-27,2022-03-27,2022-03-27,2022-03-27,2022-03-27,POWER BI (FREE)+MICROSOFT 365 BUSINESS BASIC+MICROSOFT POWER AUTOMATE FREE
2022-06-13,BC233081612D06537B489F5AE9BF8056,4B589A2E563741DCD91A94340B3A0CD9,False,,True,True,True,True,True,True,2022-06-11,2022-06-10,2022-06-10,,,2022-06-11,2022-05-16,2022-05-16,2022-05-16,2022-05-16,2022-05-16,2022-05-16,MICROSOFT POWER AUTOMATE FREE+MICROSOFT 365 BUSINESS BASIC+POWER BI (FREE)+MICROSOFT TEAMS EXPLORATORY
2022-06-13,60EBA55FD1A037A7DFAEB582BC6A926E,D476F34AD8696A3B4CADA7311B2C243F,False,,True,True,True,True,True,True,2022-06-10,,,,,,2022-03-27,2022-03-27,2022-03-27,2022-03-27,2022-03-27,2022-03-27,POWER BI (FREE)+MICROSOFT 365 BUSINESS BASIC
2022-06-13,63D8FC04C9B8EAE9175FC9C3627610A4,F3A34ED7127B60DA9CA174EDF9F199D0,False,,True,True,True,True,True,True,2022-06-11,,2022-05-17,,,2022-06-10,2022-03-27,2022-03-27,2022-03-27,2022-03-27,2022-03-27,2022-03-27,POWER BI (FREE)+MICROSOFT 365 BUSINESS BASIC
2022-06-13,D14B45FE92BA099893346810AAC3F2DB,C4BFF1A6AAEB36E99FDF2EB085415352,False,,True,True,True,True,True,True,2022-05-18,,,,,,2022-03-27,2022-03-27,2022-03-27,2022-03-27,2022-03-27,2022-03-27,POWER BI (FREE)+MICROSOFT 365 BUSINESS BASIC
2022-06-13,1A96F94CE1F97C18C01BBE5809BABF60,25629B74D9FC8F8CEDF278404A110B50,False,,True,True,True,True,True,True,2022-06-11,2022-05-26,2022-06-11,,,2022-06-11,2022-03-27,2022-03-27,2022-03-27,2022-03-27,2022-03-27,2022-03-27,POWER BI (FREE)+MICROSOFT 365 BUSINESS BASIC
2022-06-13,9E285B6894ED52EBCC5330B8E3982010,8323B32B48C2FAEB969C30CD0EC7E7ED,False,,True,True,True,True,True,True,2022-06-10,2022-06-09,2022-06-09,,,2022-06-13,2022-05-28,2022-05-28,2022-05-28,2022-05-28,2022-05-28,2022-05-28,MICROSOFT POWER AUTOMATE FREE+MICROSOFT TEAMS EXPLORATORY+MICROSOFT 365 BUSINESS BASIC+POWER BI (FREE)
2022-06-13,2E08BB0C7203480A9E5C517C736AA002,3B826777F500F2AD04FE590F1FF65F37,False,,True,True,True,True,True,True,2022-04-24,2022-04-24,2022-03-29,,,,2022-03-27,2022-03-27,2022-03-27,2022-03-27,2022-03-27,2022-03-27,POWER BI (FREE)+MICROSOFT 365 BUSINESS BASIC
2022-06-13,F46EE851060216CFC9A36A20D55DE819,CC39E68E0D11E6E7558938D98B2B6179,False,,True,True,True,True,True,True,2022-06-13,2022-04-27,2022-06-13,,,2022-06-13,2022-03-27,2022-03-27,2022-03-27,2022-03-27,2022-03-27,2022-03-27,POWER BI (FREE)+MICROSOFT 365 BUSINESS BASIC+MICROSOFT POWER AUTOMATE FREE
2022-06-13,0D4653B6365045440F3BC84BDBDFEAAF,848E08272623E0A4D8B03F41F45FAC83,False,,True,True,True,True,True,True,,2022-06-10,2022-06-13,,,2022-06-13,2022-05-03,2022-05-03,2022-05-03,2022-05-03,2022-05-03,2022-05-03,MICROSOFT 365 BUSINESS BASIC+MICROSOFT TEAMS EXPLORATORY+POWER BI (FREE)+MICROSOFT POWER AUTOMATE FREE
